split,MCC,AUPRC,F1
train,0.549252644386868,0.9068481280236359,0.6904761904761905
test,0.7836039099693788,0.9471451355661882,0.8823529411764706
