split,mcc,auprc,f1
train,0.5857689433539133,0.8511934284440703,0.6744186046511628
test,0.5144957554275266,0.9310439823453214,0.6923076923076923
