split,MCC,AUPRC,F1
train,0.6029585070799737,0.9088162992269488,0.6829268292682927
test,0.38549553972194134,1.0,0.5217391304347826
