mcc,auprc,f1
0.7904483384788544,0.6482946496676474,0.7741935483870968
