model_name,MCC,AUPRC,F1
1_day_interval,0.6483446314096211,0.4643503115223981,0.5966386554621849
2_day_interval,0.6143648908336194,0.4421204398828361,0.573109243697479
3_day_interval,0.6257021087230997,0.454332911174957,0.580952380952381
4_day_interval,0.6143648908336194,0.4434288487790577,0.573109243697479
best_model,1_day_interval,1_day_interval,1_day_interval
