split,mcc,auprc,f1
train,0.6263434092977639,0.8700018106794938,0.7191011235955056
test,0.5144957554275266,0.969309462915601,0.6923076923076923
