mcc,auprc,f1
0.7904483384788544,0.6496164268539368,0.7741935483870968
