mcc,auprc,f1
0.5210501057189061,0.632899812203057,0.5294117647058824
