split,MCC,AUPRC,F1
train,0.5744598867326035,0.9092690772984036,0.65
test,0.38549553972194134,1.0,0.5217391304347826
