split,MCC,AUPRC,F1
train,0.4259182841983838,0.6659368172348764,0.4931506849315068
test,0.20228869496966945,0.6564480720517873,0.21052631578947367
