split,mcc,auprc,f1
train,0.5906101308636399,0.872638234073855,0.7422680412371134
test,0.7140055472954167,0.969309462915601,0.8666666666666667
