classifier_class,best_index,mean_mcc_on_train_folds,mean_auprc_on_train_folds,mean_f1_on_train_folds,mean_mcc_on_held_out_folds,mean_auprc_on_held_out_folds,mean_f1_on_held_out_folds
RandomForestClassifier,380,0.6430895214114158,0.6493342665159682,0.5926659869972479,0.5445796448586752,0.4634397398515566,0.5091275391275392
DecisionTreeClassifier,57,0.6330543966245997,0.50856226988247,0.5963008971704623,0.5060428625715045,0.3601908865774515,0.46605061605061604
