,RandomForestClassifier,DecisionTreeClassifier,XGBClassifier,VotingClassifier
RandomForestClassifier,1.0,0.8828847549698173,0.8980012029141861,0.9578703448560545
DecisionTreeClassifier,0.8828847549698173,1.0,0.9383447544226453,0.973784348655383
XGBClassifier,0.8980012029141861,0.9383447544226453,1.0,0.9727655013289127
VotingClassifier,0.9578703448560545,0.973784348655383,0.9727655013289127,1.0
