split,mcc,auprc,f1
train,0.13018473429107927,0.6396377146823904,0.5535714285714286
test,-0.5144957554275266,0.6633181885194269,0.48484848484848486
