split,MCC,AUPRC,F1
train,0.6171884795536225,0.8669095985240329,0.6987951807228916
test,0.560112033611204,0.9725490196078432,0.7407407407407407
