,RandomForestClassifier,DecisionTreeClassifier,XGBClassifier,VotingClassifier
RandomForestClassifier,1.0,0.9727804331290285,0.9794554718242081,0.9899646915424385
DecisionTreeClassifier,0.9727804331290285,1.0,0.990171464492061,0.9948860778822392
XGBClassifier,0.9794554718242081,0.990171464492061,1.0,0.995744177156111
VotingClassifier,0.9899646915424385,0.9948860778822392,0.995744177156111,1.0
