,RandomForestClassifier,DecisionTreeClassifier,XGBClassifier,VotingClassifier
RandomForestClassifier,1.0,0.9299423336931555,0.9473888153808974,0.9972209495109798
DecisionTreeClassifier,0.9299423336931555,1.0,0.7765553422623805,0.9498087113764249
XGBClassifier,0.9473888153808974,0.7765553422623805,1.0,0.933706008759219
VotingClassifier,0.9972209495109798,0.9498087113764249,0.933706008759219,1.0
