mcc,auprc,f1
0.7096815981947352,0.5293301830615263,0.717948717948718
