split,MCC,AUPRC,F1
train,0.6171884795536225,0.9092690772984036,0.6987951807228916
test,0.5144957554275266,1.0,0.6923076923076923
