split,mcc,auprc,f1
train,0.2009296080886827,0.6187168639848046,0.5660377358490566
test,0.045834924851410566,0.6507131465026202,0.4166666666666667
