split,mcc,auprc,f1
train,0.9490924778401029,0.9976396616187161,0.972972972972973
test,0.6590820436573077,0.9058823529411765,0.8275862068965517
