split,MCC,AUPRC,F1
train,0.6272694938817946,0.9088162992269488,0.7415730337078652
test,1.0,1.0,1.0
