mcc,auprc,f1
0.5210501057189061,0.2994318003338191,0.5294117647058824
