model_name,MCC,AUPRC,F1
1_day_interval,0.6143648908336194,0.4648166773086055,0.573109243697479
2_day_interval,0.6257021087230997,0.4783133046114213,0.580952380952381
3_day_interval,0.6143648908336194,0.4586755562137691,0.573109243697479
4_day_interval,0.6143648908336194,0.490805936723414,0.573109243697479
best_model,2_day_interval,4_day_interval,2_day_interval
