split,mcc,auprc,f1
train,0.40871951463478373,0.8531343025083616,0.6964285714285714
test,0.16840826742715195,0.8852758494702229,0.7894736842105263
