mcc,auprc,f1
0.7904483384788544,0.7672308095286721,0.7741935483870968
