split,MCC,AUPRC,F1
train,0.6456679682471933,0.8669095985240329,0.7294117647058823
test,0.560112033611204,0.9725490196078432,0.7407407407407407
