mcc,auprc,f1
0.7096815981947352,0.7271481734639629,0.717948717948718
