split,MCC,AUPRC,F1
train,0.22213150140767945,0.5152057475311882,0.22580645161290322
test,0.0,0.6899156798269179,0.0
