classifier_class,best_index,mean_mcc_on_train_folds,mean_auprc_on_train_folds,mean_f1_on_train_folds,mean_mcc_on_held_out_folds,mean_auprc_on_held_out_folds,mean_f1_on_held_out_folds
RandomForestClassifier,409,0.6897451991075544,0.8556070438965999,0.6594464501213575,0.5765722370096514,0.4788956622501737,0.5545098039215686
DecisionTreeClassifier,45,0.5932895358177521,0.4383439229569991,0.5330956702100077,0.5935464871808058,0.419755933721451,0.5301098901098902
