mcc,auprc,f1
0.6799227407446181,0.6332749371078734,0.6857142857142857
