model_name,MCC,AUPRC,F1
1_day_interval,0.6370074135201407,0.4875439525789762,0.5887955182072828
2_day_interval,0.6257021087230997,0.5148464275207996,0.580952380952381
3_day_interval,0.6483446314096211,0.5182344157397892,0.5966386554621849
4_day_interval,0.6370074135201407,0.498715559637914,0.5887955182072828
best_model,3_day_interval,3_day_interval,3_day_interval
