mcc,auprc,f1
0.7904483384788544,0.7994827324554244,0.7741935483870968
