mcc,auprc,f1
0.6388489740442741,0.7422079927114849,0.6486486486486487
