mcc,auprc,f1
0.7904483384788544,0.7836931615983312,0.7741935483870968
