mcc,auprc,f1
0.6799227407446181,0.511219224531918,0.6857142857142857
