split,mcc,auprc,f1
train,0.0,0.6187168639848046,0.0
test,0.0,0.6507131465026202,0.0
