mcc,auprc,f1
0.7904483384788544,0.7996888041260369,0.7741935483870968
