classifier_class,best_index,mean_mcc_on_train_folds,mean_auprc_on_train_folds,mean_f1_on_train_folds,mean_mcc_on_held_out_folds,mean_auprc_on_held_out_folds,mean_f1_on_held_out_folds
RandomForestClassifier,164,0.6215966244616655,0.6858291649358227,0.5648442152730372,0.5578136553548794,0.4737971243105091,0.5067832167832168
DecisionTreeClassifier,57,0.6330543966245997,0.50856226988247,0.5963008971704623,0.5060428625715045,0.3601908865774515,0.46605061605061604
