mcc,auprc,f1
0.6799227407446181,0.6220945794997605,0.6857142857142857
