mcc,auprc,f1
0.6799227407446181,0.5508924368582465,0.6857142857142857
