mcc,auprc,f1
0.38359992896767936,0.47146021220875733,0.3870967741935484
