mcc,auprc,f1
0.7096815981947352,0.7110794144357147,0.717948717948718
