split,mcc,auprc,f1
train,0.7794671184757954,0.9768816957574893,0.8785046728971962
test,0.9090593428863095,1.0,0.9714285714285714
