,mean_fit_time,std_fit_time,mean_score_time,std_score_time,param_bootstrap,param_class_weight,param_max_depth,param_min_samples_leaf,param_min_samples_split,param_n_estimators,param_random_state,params,split0_test_mcc,split1_test_mcc,split2_test_mcc,split3_test_mcc,split4_test_mcc,mean_test_mcc,std_test_mcc,rank_test_mcc,split0_train_mcc,split1_train_mcc,split2_train_mcc,split3_train_mcc,split4_train_mcc,mean_train_mcc,std_train_mcc,split0_test_f1,split1_test_f1,split2_test_f1,split3_test_f1,split4_test_f1,mean_test_f1,std_test_f1,rank_test_f1,split0_train_f1,split1_train_f1,split2_train_f1,split3_train_f1,split4_train_f1,mean_train_f1,std_train_f1,split0_test_auprc,split1_test_auprc,split2_test_auprc,split3_test_auprc,split4_test_auprc,mean_test_auprc,std_test_auprc,rank_test_auprc,split0_train_auprc,split1_train_auprc,split2_train_auprc,split3_train_auprc,split4_train_auprc,mean_train_auprc,std_train_auprc
0,0.022999906539916994,0.007546936959584229,0.02202291488647461,0.0055499176938415455,True,balanced,,1,2,5,0,"{'bootstrap': True, 'class_weight': 'balanced', 'max_depth': None, 'min_samples_leaf': 1, 'min_samples_split': 2, 'n_estimators': 5, 'random_state': 0}",0.34761805700020804,0.6920462714925625,0.347581317764804,0.594054799494076,0.5168068579684334,0.49962146074401675,0.1359864265018394,1,0.8177320432113071,0.7271666291438686,0.8233471613320678,0.8016143281250825,0.779021299265896,0.7897762922156444,0.03488353807877603,0.36363636363636365,0.6923076923076923,0.36363636363636365,0.6,0.5263157894736842,0.5091792418108207,0.12995657700928706,1,0.8163265306122449,0.7254901960784313,0.8275862068965517,0.7924528301886793,0.7766990291262136,0.7877109585804243,0.03584426764202119,0.3770292207792208,0.6920644605208364,0.37926711617986786,0.5918362463960569,0.5518056887184404,0.5184005465188845,0.12329787001209075,1,0.9182866044994098,0.8558540245200759,0.916136459829089,0.9033458224355959,0.8753217842930604,0.8937889391154462,0.02437611479583367
