split,mcc,auprc,f1
train,0.8815041426971306,0.9860936277344946,0.9357798165137615
test,-0.378726042189707,0.6198692810457517,0.3076923076923077
