split,mcc,auprc,f1
train,0.5452155573187915,0.8511934284440703,0.6265060240963856
test,0.5144957554275266,0.9310439823453214,0.6923076923076923
