split,mcc,auprc,f1
train,0.8815041426971306,0.9860936277344946,0.9357798165137615
test,0.42841224443765613,0.9288235294117647,0.7741935483870968
