model_name,MCC,AUPRC,F1
1_day_interval,0.6143648908336194,0.4843854093167664,0.573109243697479
2_day_interval,0.6143648908336194,0.4518117808632809,0.573109243697479
3_day_interval,0.6143648908336194,0.4269095059436213,0.573109243697479
4_day_interval,0.6143648908336194,0.4471127510631015,0.573109243697479
best_model,1_day_interval,1_day_interval,1_day_interval
