,RandomForestClassifier,DecisionTreeClassifier,XGBClassifier,VotingClassifier
RandomForestClassifier,1.0,0.9267919519839224,0.9360989448679798,0.9904634239457728
DecisionTreeClassifier,0.9267919519839224,1.0,0.8104757371466192,0.9515635590419355
XGBClassifier,0.9360989448679798,0.8104757371466192,1.0,0.9467956517619449
VotingClassifier,0.9904634239457728,0.9515635590419355,0.9467956517619449,1.0
