split,MCC,AUPRC,F1
train,0.581056466302368,0.9095027752660196,0.7777777777777778
test,0.7288689868556626,1.0,0.918918918918919
