split,MCC,AUPRC,F1
train,0.5932754963863135,0.8669095985240329,0.7446808510638298
test,0.7288689868556626,0.9725490196078432,0.918918918918919
