split,mcc,auprc,f1
train,0.9490924778401029,0.9976396616187161,0.972972972972973
test,0.6080689921050603,0.8870588235294118,0.7857142857142857
