split,MCC,AUPRC,F1
train,0.0,0.5152057475311882,0.0
test,0.0,0.6899156798269179,0.0
